<?xml version="1.0" encoding="UTF-8"?>
<beans xmlns="http://www.springframework.org/schema/beans"
	xmlns:xsi="http://www.w3.org/2001/XMLSchema-instance"  xmlns:p="http://www.springframework.org/schema/p"
	xmlns:dubbo="http://code.alibabatech.com/schema/dubbo" 
	xmlns:context="http://www.springframework.org/schema/context"
	xmlns:mvc="http://www.springframework.org/schema/mvc"
	xsi:schemaLocation="http://www.springframework.org/schema/beans http://www.springframework.org/schema/beans/spring-beans-4.2.xsd
        http://www.springframework.org/schema/mvc http://www.springframework.org/schema/mvc/spring-mvc-4.2.xsd
        http://code.alibabatech.com/schema/dubbo http://code.alibabatech.com/schema/dubbo/dubbo.xsd
		http://www.springframework.org/schema/context http://www.springframework.org/schema/context/spring-context-4.2.xsd">

<!-- 加载属性文件 -->
<context:property-placeholder location="classpath:resource/resource.properties"/>
	<!-- 配置注解驱动 -->
	<mvc:annotation-driven />
	<!-- 视图解析器 -->
	<bean
		class="org.springframework.web.servlet.view.InternalResourceViewResolver">
		<property name="prefix" value="/WEB-INF/jsp/" />
		<property name="suffix" value=".jsp" />
	</bean>
	<!-- 配置多媒体解析器 -->
	<bean id="multipartResolver" class="org.springframework.web.multipart.commons.CommonsMultipartResolver">
		<!-- 设定默认编码 -->
		<property name="defaultEncoding" value="UTF-8"></property>
		<!--设定文件上穿的最大值5MB,5*1024*1024 -->
		<property name="maxUploadSize" value="5242880"></property>
	</bean>
	<!-- 配置包扫描器，扫描@Controller注解的类 -->
	<context:component-scan base-package="com.taotao.controller" />
	<!-- 配置资源映射 
	location:资源所在的目录
	mapping:url路径包含的	“/**“表示后面可以包含多级目录
	-->
	<mvc:resources location="/css/" mapping="/css/**"></mvc:resources>
	<mvc:resources location="/js/" mapping="/js/**"></mvc:resources>
	<!-- 引用dubbo服务 -->
	<dubbo:application name="taotao-manager-web" />
	<dubbo:registry protocol="zookeeper" address="106.12.208.224:2181" />
	<dubbo:reference interface="com.taotao.service.ItemService" id="itemService" />
	<dubbo:reference interface="com.taotao.service.ItemCatService" id="itemCatService" />
	<dubbo:reference interface="com.taotao.content.service.ContentCategoryService" id="contentCategoryService" />
	<dubbo:reference interface="com.taotao.content.service.ContentService" id="contentService" />
	<!-- 把下面这个先注释掉，不然服务起不起来 -->
	<dubbo:reference interface="com.taotao.search.service.SearchItemService" id="searchItemService" />
</beans> 
