<?xml version="1.0" encoding="UTF-8"?>
<beans xmlns="http://www.springframework.org/schema/beans"
	xmlns:context="http://www.springframework.org/schema/context" xmlns:p="http://www.springframework.org/schema/p"
	xmlns:aop="http://www.springframework.org/schema/aop" xmlns:tx="http://www.springframework.org/schema/tx"
	xmlns:xsi="http://www.w3.org/2001/XMLSchema-instance"
	xsi:schemaLocation="http://www.springframework.org/schema/beans http://www.springframework.org/schema/beans/spring-beans-4.2.xsd
	http://www.springframework.org/schema/context http://www.springframework.org/schema/context/spring-context-4.2.xsd
	http://www.springframework.org/schema/aop http://www.springframework.org/schema/aop/spring-aop-4.2.xsd http://www.springframework.org/schema/tx http://www.springframework.org/schema/tx/spring-tx-4.2.xsd
	http://www.springframework.org/schema/util http://www.springframework.org/schema/util/spring-util-4.2.xsd">
	
	<!-- 加载属性文件 -->
	<context:property-placeholder location="classpath:properties/redis.properties" />
	
	<!-- 为了本地测试，开启注解扫描 -->
	<context:annotation-config/>
	<!-- redis单机版-->
	<bean id="jedisPool" class="redis.clients.jedis.JedisPool">
	
		<constructor-arg name="poolConfig" ref="jedisPoolConfig"/>
		<constructor-arg name="host" value="${redis.hostname}"/>
		<constructor-arg name="port" value="${redis.port}" type="int"/>
	</bean>
	 
	 <!-- Redis连接池的设置 -->
    <bean id="jedisPoolConfig" class="redis.clients.jedis.JedisPoolConfig">
        <!-- 控制一个pool可分配多少个jedis实例 -->
        <property name="maxTotal" value="${redis.pool.maxActive}" />
        <!-- 连接池中最多可空闲maxIdle个连接 ，这里取值为20，表示即使没有数据库连接时依然可以保持20空闲的连接，而不被清除，随时处于待命状态。 -->
        <property name="maxIdle" value="${redis.pool.maxIdle}" />
        <!-- 最大等待时间:当没有可用连接时,连接池等待连接被归还的最大时间(以毫秒计数),超过时间则抛出异常 -->
        <property name="maxWaitMillis" value="${redis.pool.maxWait}" />
        <!-- 在获取连接的时候检查有效性 -->
        <property name="testOnBorrow" value="${redis.pool.testOnBorrow}" />
        
    </bean>

  <!-- 创建Redis连接池，并做相关配置   id="jedisWritePool"
    <bean id="jedisPool" class="com.taotao.jedis.JedisPoolWriper"
        depends-on="jedisPoolConfig">
        <constructor-arg index="0" ref="jedisPoolConfig" />
        <constructor-arg index="1" value="${redis.hostname}" />
        <constructor-arg index="2" value="${redis.port}" type="int" />
    </bean>
-->


<!-- 创建Redis工具类，封装好Redis的连接以进行相关的操作
    <bean id="jedisUtil" class="com.taotao.jedis.JedisUtil" scope="singleton">
        <property name="jedisPool">
            <ref bean="jedisWritePool" />
        </property>
    </bean> -->
    <!-- Redis的key操作
    <bean id="jedisKeys" class="com.taotao.jedis.JedisUtil$Keys"
        scope="singleton">
        <constructor-arg ref="jedisUtil"></constructor-arg>
    </bean> -->
    <!-- Redis的Strings操作 
    <bean id="jedisStrings" class="com.taotao.jedis.JedisUtil$Strings"
        scope="singleton">
        <constructor-arg ref="jedisUtil"></constructor-arg>
    </bean>-->
    <!-- Redis的Lists操作 
    <bean id="jedisLists" class="com.taotao.jedis.JedisUtil$Lists"
        scope="singleton">
        <constructor-arg ref="jedisUtil"></constructor-arg>
    </bean>-->
    <!-- Redis的Sets操作 
    <bean id="jedisSets" class="com.taotao.jedis.JedisUtil$Sets"
        scope="singleton">
        <constructor-arg ref="jedisUtil"></constructor-arg>
    </bean>-->
    <!-- Redis的HashMap操作 
    <bean id="jedisHash" class="com.taotao.jedis.JedisUtil$Hash"
        scope="singleton">
        <constructor-arg ref="jedisUtil"></constructor-arg>
    </bean>
-->
	
	<bean id="jedisClientPool" class="com.taotao.jedis.JedisClientPool"></bean>
	
	
	<!-- redis集群版 ,换了集群版，测试代码不用改，改了就体现不出我们写接口的优势了。
	<bean id="jedisCluster" class="redis.clients.jedis.JedisCluster">
	
		<constructor-arg>
		
			<set>
				<bean class="redis.clients.jedis.HostAndPort">
					<constructor-arg name="host" value="192.168.213.131"/>
					<constructor-arg name="port" value="7001"/>
				</bean>
				<bean class="redis.clients.jedis.HostAndPort">
					<constructor-arg name="host" value="192.168.213.131"/>
					<constructor-arg name="port" value="7002"/>
				</bean>
				<bean class="redis.clients.jedis.HostAndPort">
					<constructor-arg name="host" value="192.168.213.131"/>
					<constructor-arg name="port" value="7003"/>
				</bean>
				<bean class="redis.clients.jedis.HostAndPort">
					<constructor-arg name="host" value="192.168.213.131"/>
					<constructor-arg name="port" value="7004"/>
				</bean>
				<bean class="redis.clients.jedis.HostAndPort">
					<constructor-arg name="host" value="192.168.213.131"/>
					<constructor-arg name="port" value="7005"/>
				</bean>
				<bean class="redis.clients.jedis.HostAndPort">
					<constructor-arg name="host" value="192.168.213.131"/>
					<constructor-arg name="port" value="7006"/>
				</bean>
				
			</set>
		</constructor-arg>
	</bean>
	-->
	<!-- <bean id="jedisClientCluster" class="com.taotao.jedis.JedisClientCluster"></bean> -->
</beans>
