<?xml version="1.0" encoding="UTF-8"?>
<beans xmlns="http://www.springframework.org/schema/beans"
	xmlns:context="http://www.springframework.org/schema/context" xmlns:p="http://www.springframework.org/schema/p"
	xmlns:aop="http://www.springframework.org/schema/aop" xmlns:tx="http://www.springframework.org/schema/tx"
	xmlns:xsi="http://www.w3.org/2001/XMLSchema-instance"
	xsi:schemaLocation="http://www.springframework.org/schema/beans http://www.springframework.org/schema/beans/spring-beans-4.2.xsd
	http://www.springframework.org/schema/context http://www.springframework.org/schema/context/spring-context-4.2.xsd
	http://www.springframework.org/schema/aop http://www.springframework.org/schema/aop/spring-aop-4.2.xsd http://www.springframework.org/schema/tx http://www.springframework.org/schema/tx/spring-tx-4.2.xsd
	http://www.springframework.org/schema/util http://www.springframework.org/schema/util/spring-util-4.2.xsd">
	
	
	<!-- JMS服务厂商提供的ConnectionFactory -->
	<bean id="targetConnectionFactory" class="org.apache.activemq.ActiveMQConnectionFactory">
		<constructor-arg name="brokerURL" value="tcp://106.12.208.224:61616"></constructor-arg>
	</bean>
	
	<!-- spring对象ConnectionFactory的封装 -->
	<bean id="connectionFactory" class="org.springframework.jms.connection.SingleConnectionFactory">
		<property name="targetConnectionFactory" ref="targetConnectionFactory"></property>
	</bean>
	
	
	
	<!-- 配置消息的Destination对象 -->
	<bean id="test-queue" class="org.apache.activemq.command.ActiveMQQueue">
		<constructor-arg name="name" value="test-queue"></constructor-arg>
	</bean>
	
	<bean id="test-topic" class="org.apache.activemq.command.ActiveMQTopic">
		<constructor-arg name="name" value="test-topic"></constructor-arg>
	</bean>
	<!-- 配置消息的接收者，你想想，我们之前要配置接受一个消息，需要创建一个MessageListener这个对象，所以应该先写一个MessageListener类
	然后把他配置上，让他监听这个消息，监听这个事件就可以了.配好了之后，服务的监听者他要做什么事？代码里面怎么写呢？其实我们只需要把spring容器启动就可以了。然后
	就等着那边发消息就可以了
	 -->
	 <bean id="myMessageListener" class="com.taotao.search.listener.MyMessageListener">
	 </bean>
	 <bean class="org.springframework.jms.listener.DefaultMessageListenerContainer">
	 	<property name="connectionFactory" ref="connectionFactory"></property>
	 	<property name="destination" ref="test-queue"></property>
	 	<property name="messageListener" ref="myMessageListener"></property>
	 </bean>
	 
	 
	 <bean id="itemAddMessageListener" class="com.taotao.search.listener.ItemAddMessageListener"></bean>
	  <bean class="org.springframework.jms.listener.DefaultMessageListenerContainer">
	 	<property name="connectionFactory" ref="connectionFactory"></property>
	 	<property name="destination" ref="test-queue"></property>
	 	<property name="messageListener" ref="itemAddMessageListener"></property>
	 </bean>
</beans>
