<?xml version="1.0" encoding="UTF-8"?>
<beans xmlns="http://www.springframework.org/schema/beans"
	xmlns:xsi="http://www.w3.org/2001/XMLSchema-instance" xmlns:p="http://www.springframework.org/schema/p"
	xmlns:dubbo="http://code.alibabatech.com/schema/dubbo" xmlns:context="http://www.springframework.org/schema/context"
	xmlns:mvc="http://www.springframework.org/schema/mvc"
	xsi:schemaLocation="http://www.springframework.org/schema/beans http://www.springframework.org/schema/beans/spring-beans-4.2.xsd
        http://www.springframework.org/schema/mvc http://www.springframework.org/schema/mvc/spring-mvc-4.2.xsd
        http://code.alibabatech.com/schema/dubbo http://code.alibabatech.com/schema/dubbo/dubbo.xsd
		http://www.springframework.org/schema/context http://www.springframework.org/schema/context/spring-context-4.2.xsd">

	<!-- 加载属性文件 -->
	<context:property-placeholder location="classpath:resource/resource.properties" />
	<!-- 配置注解驱动 -->
	<mvc:annotation-driven />
	<!-- 视图解析器 -->
	<bean
		class="org.springframework.web.servlet.view.InternalResourceViewResolver">
		<property name="prefix" value="/WEB-INF/jsp/" />
		<property name="suffix" value=".jsp" />
	</bean>

	<!-- 配置包扫描器，扫描@Controller注解的类 -->
	<context:component-scan base-package="com.taotao.item.controller" />


	<!-- 引用dubbo服务 -->
	<dubbo:application name="taotao-item-web" />
	<dubbo:registry protocol="zookeeper" address="106.12.208.224:2181" />
	<dubbo:reference interface="com.taotao.service.ItemService" id="itemService"></dubbo:reference>
</beans> 
